time,temperature
1.606663465499878,28.84
2.1067452430725098,28.84
2.605874538421631,29.33
3.1096482276916504,29.33
3.6097970008850098,29.33
4.109686613082886,28.84
4.6093573570251465,28.84
5.112473011016846,29.33
5.612895250320435,28.84
6.112582445144653,28.84
6.61591911315918,28.84
7.115866422653198,28.84
7.615032434463501,28.84
8.11919116973877,28.84
8.619016647338867,28.84
9.118656873703003,28.84
9.618727445602417,28.84
10.122172594070435,28.84
10.621733665466309,28.84
11.121765375137329,28.84
11.625185489654541,29.33
12.124985933303833,28.84
12.625013589859009,28.84
13.128286123275757,29.33
13.627451658248901,28.84
14.127702713012695,29.33
14.627882480621338,28.84
15.13099718093872,29.33
15.631182432174683,29.33
16.13070249557495,28.84
16.634012699127197,28.84
17.134105920791626,28.84
17.63416814804077,29.33
18.13713502883911,28.84
18.63739013671875,28.84
19.1367506980896,28.84
19.636884689331055,29.33
20.14055061340332,29.33
20.640217781066895,28.84
21.140028476715088,28.84
21.643434524536133,29.33
22.142915964126587,29.33
22.642733573913574,29.33
23.146463632583618,29.81
23.646453619003296,30.3
24.145789623260498,30.3
24.646058082580566,30.79
25.149446725845337,30.79
25.649097681045532,31.28
26.149379014968872,30.79
26.652185916900635,31.28
27.152228116989136,31.28
27.651987314224243,31.28
28.15547275543213,31.28
28.655397176742554,31.28
29.15532612800598,31.77
29.655266761779785,31.28
30.158753156661987,31.77
30.658615827560425,31.77
31.1582772731781,31.77
31.661341905593872,31.77
32.16152858734131,31.77
32.66113758087158,31.77
33.16474008560181,31.77
33.66477560997009,31.77
34.164395332336426,31.77
34.664300203323364,32.26
35.16784691810608,31.77
35.66776251792908,31.77
36.16740894317627,31.77
36.67083764076233,31.77
37.170634746551514,31.77
37.6704523563385,31.28
38.17386984825134,31.28
38.673805475234985,31.28
39.17355298995972,31.28
39.67371654510498,31.28
40.176888942718506,31.28
40.67622947692871,30.79
41.1761474609375,31.28
41.67959690093994,30.79
42.179803133010864,30.79
42.679739236831665,31.28
43.18297362327576,30.79
43.683058738708496,30.79
44.18274474143982,30.3
44.682581663131714,30.79
45.18607020378113,30.79
45.686004877090454,30.79
46.18583106994629,30.3
46.68908357620239,30.3
47.18915820121765,30.3
47.688979625701904,30.3
48.19226884841919,30.3
48.69207572937012,30.3
49.19190859794617,30.3
49.69170665740967,30.3
50.19530630111694,30.3
50.695157289505005,30.3
51.19500231742859,30.3
51.69848084449768,29.81
52.19801664352417,29.81
52.69812321662903,30.3
53.201294898986816,29.81
53.70124793052673,29.81
54.201186418533325,29.81
54.70097875595093,29.81
55.20438838005066,29.81
55.70390963554382,29.81
56.204103231430054,29.81
56.70729327201843,29.81
57.20739674568176,29.81
57.7071430683136,29.81
58.21039938926697,29.81
58.71004319190979,29.81
59.210113286972046,29.81
59.709821939468384,29.81
60.21361231803894,29.81
60.713289737701416,29.81
61.213109493255615,29.81
61.71652841567993,29.33
62.216341495513916,29.33
62.71630525588989,29.33
63.21968197822571,29.81
63.7195885181427,29.81
64.21919775009155,29.81
64.72282242774963,29.33
65.2227714061737,29.81
65.72248530387878,29.81
66.22217559814453,29.81
66.72563934326172,29.81
67.22553896903992,29.81
67.72539401054382,29.81
68.22849035263062,29.81
68.7288281917572,29.33
69.22867488861084,29.33
69.73181962966919,29.33
70.23167443275452,29.33
70.7317054271698,29.33
71.23139429092407,29.33
71.73478579521179,29.33
72.23474788665771,29.33
72.73464703559875,29.33
73.2378454208374,29.33
73.73808550834656,29.33
74.23685264587402,29.33
74.74096417427063,29.33
75.2406964302063,29.33
75.7406280040741,29.33
76.24107527732849,29.33
76.74366569519043,29.33
77.24365162849426,29.33
77.74380230903625,29.33
78.24692225456238,29.33
78.74697756767273,29.33
79.2468512058258,29.33
79.75013184547424,29.33
80.24982714653015,28.84
80.74982523918152,29.33
81.24968934059143,29.33
81.75278425216675,29.81
82.25331258773804,29.81
82.75262689590454,29.33
83.25616192817688,29.33
83.75605487823486,29.81
84.25578951835632,29.81
84.75924324989319,29.81
85.25915813446045,29.81
85.75895810127258,29.81
86.25880527496338,29.81
86.76178574562073,29.81
87.26228094100952,29.81
87.7620804309845,29.81
88.26480174064636,30.3
88.7646050453186,29.81
89.26476287841797,30.3
89.76803660392761,29.81
90.26770210266113,29.81
90.7682991027832,29.81
91.26775336265564,29.81
91.7713372707367,29.81
92.27105259895325,29.81
92.77084851264954,29.81
93.27406191825867,29.81
93.77415490150452,29.81
94.27385091781616,29.81
94.77725076675415,30.3
95.27747583389282,30.3
95.77691912651062,30.79
96.27668714523315,30.79
96.78015875816345,30.79
97.28040790557861,30.79
97.78001976013184,31.28
98.28360152244568,31.28
98.78352427482605,31.28
99.28320813179016,31.28
99.78635764122009,31.28
100.28659105300903,31.28
100.78652095794678,31.28
101.2861921787262,31.28
